name,pd_notation
9_30_0,"[[18, 16, 1, 15], [2, 10, 3, 9], [4, 17, 5, 18], [6, 2, 7, 1], [8, 13, 9, 14], [10, 4, 11, 3], [12, 7, 13, 8], [14, 11, 15, 12], [16, 5, 17, 6]]"
9_30_1,"[[16, 5, 17, 6], [18, 16, 1, 15], [2, 10, 3, 9], [4, 17, 5, 18], [6, 2, 7, 1], [8, 13, 9, 14], [10, 4, 11, 3], [12, 7, 13, 8], [14, 11, 15, 12]]"
9_30_2,"[[14, 11, 15, 12], [16, 5, 17, 6], [18, 16, 1, 15], [2, 10, 3, 9], [4, 17, 5, 18], [6, 2, 7, 1], [8, 13, 9, 14], [10, 4, 11, 3], [12, 7, 13, 8]]"
9_30_3,"[[12, 7, 13, 8], [14, 11, 15, 12], [16, 5, 17, 6], [18, 16, 1, 15], [2, 10, 3, 9], [4, 17, 5, 18], [6, 2, 7, 1], [8, 13, 9, 14], [10, 4, 11, 3]]"
9_30_4,"[[10, 4, 11, 3], [12, 7, 13, 8], [14, 11, 15, 12], [16, 5, 17, 6], [18, 16, 1, 15], [2, 10, 3, 9], [4, 17, 5, 18], [6, 2, 7, 1], [8, 13, 9, 14]]"
9_30_5,"[[8, 13, 9, 14], [10, 4, 11, 3], [12, 7, 13, 8], [14, 11, 15, 12], [16, 5, 17, 6], [18, 16, 1, 15], [2, 10, 3, 9], [4, 17, 5, 18], [6, 2, 7, 1]]"
9_30_6,"[[6, 2, 7, 1], [8, 13, 9, 14], [10, 4, 11, 3], [12, 7, 13, 8], [14, 11, 15, 12], [16, 5, 17, 6], [18, 16, 1, 15], [2, 10, 3, 9], [4, 17, 5, 18]]"
9_30_7,"[[4, 17, 5, 18], [6, 2, 7, 1], [8, 13, 9, 14], [10, 4, 11, 3], [12, 7, 13, 8], [14, 11, 15, 12], [16, 5, 17, 6], [18, 16, 1, 15], [2, 10, 3, 9]]"
9_30_8,"[[2, 10, 3, 9], [4, 17, 5, 18], [6, 2, 7, 1], [8, 13, 9, 14], [10, 4, 11, 3], [12, 7, 13, 8], [14, 11, 15, 12], [16, 5, 17, 6], [18, 16, 1, 15]]"
9_30_9,"[[1, 17, 2, 16], [3, 11, 4, 10], [5, 18, 6, 1], [7, 3, 8, 2], [9, 14, 10, 15], [11, 5, 12, 4], [13, 8, 14, 9], [15, 12, 16, 13], [17, 6, 18, 7]]"
9_30_10,"[[17, 6, 18, 7], [1, 17, 2, 16], [3, 11, 4, 10], [5, 18, 6, 1], [7, 3, 8, 2], [9, 14, 10, 15], [11, 5, 12, 4], [13, 8, 14, 9], [15, 12, 16, 13]]"
9_30_11,"[[15, 12, 16, 13], [17, 6, 18, 7], [1, 17, 2, 16], [3, 11, 4, 10], [5, 18, 6, 1], [7, 3, 8, 2], [9, 14, 10, 15], [11, 5, 12, 4], [13, 8, 14, 9]]"
9_30_12,"[[13, 8, 14, 9], [15, 12, 16, 13], [17, 6, 18, 7], [1, 17, 2, 16], [3, 11, 4, 10], [5, 18, 6, 1], [7, 3, 8, 2], [9, 14, 10, 15], [11, 5, 12, 4]]"
9_30_13,"[[11, 5, 12, 4], [13, 8, 14, 9], [15, 12, 16, 13], [17, 6, 18, 7], [1, 17, 2, 16], [3, 11, 4, 10], [5, 18, 6, 1], [7, 3, 8, 2], [9, 14, 10, 15]]"
9_30_14,"[[9, 14, 10, 15], [11, 5, 12, 4], [13, 8, 14, 9], [15, 12, 16, 13], [17, 6, 18, 7], [1, 17, 2, 16], [3, 11, 4, 10], [5, 18, 6, 1], [7, 3, 8, 2]]"
9_30_15,"[[7, 3, 8, 2], [9, 14, 10, 15], [11, 5, 12, 4], [13, 8, 14, 9], [15, 12, 16, 13], [17, 6, 18, 7], [1, 17, 2, 16], [3, 11, 4, 10], [5, 18, 6, 1]]"
9_30_16,"[[5, 18, 6, 1], [7, 3, 8, 2], [9, 14, 10, 15], [11, 5, 12, 4], [13, 8, 14, 9], [15, 12, 16, 13], [17, 6, 18, 7], [1, 17, 2, 16], [3, 11, 4, 10]]"
9_30_17,"[[3, 11, 4, 10], [5, 18, 6, 1], [7, 3, 8, 2], [9, 14, 10, 15], [11, 5, 12, 4], [13, 8, 14, 9], [15, 12, 16, 13], [17, 6, 18, 7], [1, 17, 2, 16]]"
9_30_18,"[[2, 18, 3, 17], [4, 12, 5, 11], [6, 1, 7, 2], [8, 4, 9, 3], [10, 15, 11, 16], [12, 6, 13, 5], [14, 9, 15, 10], [16, 13, 17, 14], [18, 7, 1, 8]]"
9_30_19,"[[18, 7, 1, 8], [2, 18, 3, 17], [4, 12, 5, 11], [6, 1, 7, 2], [8, 4, 9, 3], [10, 15, 11, 16], [12, 6, 13, 5], [14, 9, 15, 10], [16, 13, 17, 14]]"
9_30_20,"[[16, 13, 17, 14], [18, 7, 1, 8], [2, 18, 3, 17], [4, 12, 5, 11], [6, 1, 7, 2], [8, 4, 9, 3], [10, 15, 11, 16], [12, 6, 13, 5], [14, 9, 15, 10]]"
9_30_21,"[[14, 9, 15, 10], [16, 13, 17, 14], [18, 7, 1, 8], [2, 18, 3, 17], [4, 12, 5, 11], [6, 1, 7, 2], [8, 4, 9, 3], [10, 15, 11, 16], [12, 6, 13, 5]]"
9_30_22,"[[12, 6, 13, 5], [14, 9, 15, 10], [16, 13, 17, 14], [18, 7, 1, 8], [2, 18, 3, 17], [4, 12, 5, 11], [6, 1, 7, 2], [8, 4, 9, 3], [10, 15, 11, 16]]"
9_30_23,"[[10, 15, 11, 16], [12, 6, 13, 5], [14, 9, 15, 10], [16, 13, 17, 14], [18, 7, 1, 8], [2, 18, 3, 17], [4, 12, 5, 11], [6, 1, 7, 2], [8, 4, 9, 3]]"
9_30_24,"[[8, 4, 9, 3], [10, 15, 11, 16], [12, 6, 13, 5], [14, 9, 15, 10], [16, 13, 17, 14], [18, 7, 1, 8], [2, 18, 3, 17], [4, 12, 5, 11], [6, 1, 7, 2]]"
9_30_25,"[[6, 1, 7, 2], [8, 4, 9, 3], [10, 15, 11, 16], [12, 6, 13, 5], [14, 9, 15, 10], [16, 13, 17, 14], [18, 7, 1, 8], [2, 18, 3, 17], [4, 12, 5, 11]]"
9_30_26,"[[4, 12, 5, 11], [6, 1, 7, 2], [8, 4, 9, 3], [10, 15, 11, 16], [12, 6, 13, 5], [14, 9, 15, 10], [16, 13, 17, 14], [18, 7, 1, 8], [2, 18, 3, 17]]"
9_30_27,"[[3, 1, 4, 18], [5, 13, 6, 12], [7, 2, 8, 3], [9, 5, 10, 4], [11, 16, 12, 17], [13, 7, 14, 6], [15, 10, 16, 11], [17, 14, 18, 15], [1, 8, 2, 9]]"
9_30_28,"[[1, 8, 2, 9], [3, 1, 4, 18], [5, 13, 6, 12], [7, 2, 8, 3], [9, 5, 10, 4], [11, 16, 12, 17], [13, 7, 14, 6], [15, 10, 16, 11], [17, 14, 18, 15]]"
9_30_29,"[[17, 14, 18, 15], [1, 8, 2, 9], [3, 1, 4, 18], [5, 13, 6, 12], [7, 2, 8, 3], [9, 5, 10, 4], [11, 16, 12, 17], [13, 7, 14, 6], [15, 10, 16, 11]]"
9_30_30,"[[15, 10, 16, 11], [17, 14, 18, 15], [1, 8, 2, 9], [3, 1, 4, 18], [5, 13, 6, 12], [7, 2, 8, 3], [9, 5, 10, 4], [11, 16, 12, 17], [13, 7, 14, 6]]"
9_30_31,"[[13, 7, 14, 6], [15, 10, 16, 11], [17, 14, 18, 15], [1, 8, 2, 9], [3, 1, 4, 18], [5, 13, 6, 12], [7, 2, 8, 3], [9, 5, 10, 4], [11, 16, 12, 17]]"
9_30_32,"[[11, 16, 12, 17], [13, 7, 14, 6], [15, 10, 16, 11], [17, 14, 18, 15], [1, 8, 2, 9], [3, 1, 4, 18], [5, 13, 6, 12], [7, 2, 8, 3], [9, 5, 10, 4]]"
9_30_33,"[[9, 5, 10, 4], [11, 16, 12, 17], [13, 7, 14, 6], [15, 10, 16, 11], [17, 14, 18, 15], [1, 8, 2, 9], [3, 1, 4, 18], [5, 13, 6, 12], [7, 2, 8, 3]]"
9_30_34,"[[7, 2, 8, 3], [9, 5, 10, 4], [11, 16, 12, 17], [13, 7, 14, 6], [15, 10, 16, 11], [17, 14, 18, 15], [1, 8, 2, 9], [3, 1, 4, 18], [5, 13, 6, 12]]"
9_30_35,"[[5, 13, 6, 12], [7, 2, 8, 3], [9, 5, 10, 4], [11, 16, 12, 17], [13, 7, 14, 6], [15, 10, 16, 11], [17, 14, 18, 15], [1, 8, 2, 9], [3, 1, 4, 18]]"
9_30_36,"[[4, 2, 5, 1], [6, 14, 7, 13], [8, 3, 9, 4], [10, 6, 11, 5], [12, 17, 13, 18], [14, 8, 15, 7], [16, 11, 17, 12], [18, 15, 1, 16], [2, 9, 3, 10]]"
9_30_37,"[[2, 9, 3, 10], [4, 2, 5, 1], [6, 14, 7, 13], [8, 3, 9, 4], [10, 6, 11, 5], [12, 17, 13, 18], [14, 8, 15, 7], [16, 11, 17, 12], [18, 15, 1, 16]]"
9_30_38,"[[18, 15, 1, 16], [2, 9, 3, 10], [4, 2, 5, 1], [6, 14, 7, 13], [8, 3, 9, 4], [10, 6, 11, 5], [12, 17, 13, 18], [14, 8, 15, 7], [16, 11, 17, 12]]"
9_30_39,"[[16, 11, 17, 12], [18, 15, 1, 16], [2, 9, 3, 10], [4, 2, 5, 1], [6, 14, 7, 13], [8, 3, 9, 4], [10, 6, 11, 5], [12, 17, 13, 18], [14, 8, 15, 7]]"
9_30_40,"[[14, 8, 15, 7], [16, 11, 17, 12], [18, 15, 1, 16], [2, 9, 3, 10], [4, 2, 5, 1], [6, 14, 7, 13], [8, 3, 9, 4], [10, 6, 11, 5], [12, 17, 13, 18]]"
9_30_41,"[[12, 17, 13, 18], [14, 8, 15, 7], [16, 11, 17, 12], [18, 15, 1, 16], [2, 9, 3, 10], [4, 2, 5, 1], [6, 14, 7, 13], [8, 3, 9, 4], [10, 6, 11, 5]]"
9_30_42,"[[10, 6, 11, 5], [12, 17, 13, 18], [14, 8, 15, 7], [16, 11, 17, 12], [18, 15, 1, 16], [2, 9, 3, 10], [4, 2, 5, 1], [6, 14, 7, 13], [8, 3, 9, 4]]"
9_30_43,"[[8, 3, 9, 4], [10, 6, 11, 5], [12, 17, 13, 18], [14, 8, 15, 7], [16, 11, 17, 12], [18, 15, 1, 16], [2, 9, 3, 10], [4, 2, 5, 1], [6, 14, 7, 13]]"
9_30_44,"[[6, 14, 7, 13], [8, 3, 9, 4], [10, 6, 11, 5], [12, 17, 13, 18], [14, 8, 15, 7], [16, 11, 17, 12], [18, 15, 1, 16], [2, 9, 3, 10], [4, 2, 5, 1]]"
9_30_45,"[[5, 3, 6, 2], [7, 15, 8, 14], [9, 4, 10, 5], [11, 7, 12, 6], [13, 18, 14, 1], [15, 9, 16, 8], [17, 12, 18, 13], [1, 16, 2, 17], [3, 10, 4, 11]]"
9_30_46,"[[3, 10, 4, 11], [5, 3, 6, 2], [7, 15, 8, 14], [9, 4, 10, 5], [11, 7, 12, 6], [13, 18, 14, 1], [15, 9, 16, 8], [17, 12, 18, 13], [1, 16, 2, 17]]"
9_30_47,"[[1, 16, 2, 17], [3, 10, 4, 11], [5, 3, 6, 2], [7, 15, 8, 14], [9, 4, 10, 5], [11, 7, 12, 6], [13, 18, 14, 1], [15, 9, 16, 8], [17, 12, 18, 13]]"
9_30_48,"[[17, 12, 18, 13], [1, 16, 2, 17], [3, 10, 4, 11], [5, 3, 6, 2], [7, 15, 8, 14], [9, 4, 10, 5], [11, 7, 12, 6], [13, 18, 14, 1], [15, 9, 16, 8]]"
9_30_49,"[[15, 9, 16, 8], [17, 12, 18, 13], [1, 16, 2, 17], [3, 10, 4, 11], [5, 3, 6, 2], [7, 15, 8, 14], [9, 4, 10, 5], [11, 7, 12, 6], [13, 18, 14, 1]]"
9_30_50,"[[13, 18, 14, 1], [15, 9, 16, 8], [17, 12, 18, 13], [1, 16, 2, 17], [3, 10, 4, 11], [5, 3, 6, 2], [7, 15, 8, 14], [9, 4, 10, 5], [11, 7, 12, 6]]"
9_30_51,"[[11, 7, 12, 6], [13, 18, 14, 1], [15, 9, 16, 8], [17, 12, 18, 13], [1, 16, 2, 17], [3, 10, 4, 11], [5, 3, 6, 2], [7, 15, 8, 14], [9, 4, 10, 5]]"
9_30_52,"[[9, 4, 10, 5], [11, 7, 12, 6], [13, 18, 14, 1], [15, 9, 16, 8], [17, 12, 18, 13], [1, 16, 2, 17], [3, 10, 4, 11], [5, 3, 6, 2], [7, 15, 8, 14]]"
9_30_53,"[[7, 15, 8, 14], [9, 4, 10, 5], [11, 7, 12, 6], [13, 18, 14, 1], [15, 9, 16, 8], [17, 12, 18, 13], [1, 16, 2, 17], [3, 10, 4, 11], [5, 3, 6, 2]]"
9_30_54,"[[6, 4, 7, 3], [8, 16, 9, 15], [10, 5, 11, 6], [12, 8, 13, 7], [14, 1, 15, 2], [16, 10, 17, 9], [18, 13, 1, 14], [2, 17, 3, 18], [4, 11, 5, 12]]"
9_30_55,"[[4, 11, 5, 12], [6, 4, 7, 3], [8, 16, 9, 15], [10, 5, 11, 6], [12, 8, 13, 7], [14, 1, 15, 2], [16, 10, 17, 9], [18, 13, 1, 14], [2, 17, 3, 18]]"
9_30_56,"[[2, 17, 3, 18], [4, 11, 5, 12], [6, 4, 7, 3], [8, 16, 9, 15], [10, 5, 11, 6], [12, 8, 13, 7], [14, 1, 15, 2], [16, 10, 17, 9], [18, 13, 1, 14]]"
9_30_57,"[[18, 13, 1, 14], [2, 17, 3, 18], [4, 11, 5, 12], [6, 4, 7, 3], [8, 16, 9, 15], [10, 5, 11, 6], [12, 8, 13, 7], [14, 1, 15, 2], [16, 10, 17, 9]]"
9_30_58,"[[16, 10, 17, 9], [18, 13, 1, 14], [2, 17, 3, 18], [4, 11, 5, 12], [6, 4, 7, 3], [8, 16, 9, 15], [10, 5, 11, 6], [12, 8, 13, 7], [14, 1, 15, 2]]"
9_30_59,"[[14, 1, 15, 2], [16, 10, 17, 9], [18, 13, 1, 14], [2, 17, 3, 18], [4, 11, 5, 12], [6, 4, 7, 3], [8, 16, 9, 15], [10, 5, 11, 6], [12, 8, 13, 7]]"
9_30_60,"[[12, 8, 13, 7], [14, 1, 15, 2], [16, 10, 17, 9], [18, 13, 1, 14], [2, 17, 3, 18], [4, 11, 5, 12], [6, 4, 7, 3], [8, 16, 9, 15], [10, 5, 11, 6]]"
9_30_61,"[[10, 5, 11, 6], [12, 8, 13, 7], [14, 1, 15, 2], [16, 10, 17, 9], [18, 13, 1, 14], [2, 17, 3, 18], [4, 11, 5, 12], [6, 4, 7, 3], [8, 16, 9, 15]]"
9_30_62,"[[8, 16, 9, 15], [10, 5, 11, 6], [12, 8, 13, 7], [14, 1, 15, 2], [16, 10, 17, 9], [18, 13, 1, 14], [2, 17, 3, 18], [4, 11, 5, 12], [6, 4, 7, 3]]"
9_30_63,"[[7, 5, 8, 4], [9, 17, 10, 16], [11, 6, 12, 7], [13, 9, 14, 8], [15, 2, 16, 3], [17, 11, 18, 10], [1, 14, 2, 15], [3, 18, 4, 1], [5, 12, 6, 13]]"
9_30_64,"[[5, 12, 6, 13], [7, 5, 8, 4], [9, 17, 10, 16], [11, 6, 12, 7], [13, 9, 14, 8], [15, 2, 16, 3], [17, 11, 18, 10], [1, 14, 2, 15], [3, 18, 4, 1]]"
9_30_65,"[[3, 18, 4, 1], [5, 12, 6, 13], [7, 5, 8, 4], [9, 17, 10, 16], [11, 6, 12, 7], [13, 9, 14, 8], [15, 2, 16, 3], [17, 11, 18, 10], [1, 14, 2, 15]]"
9_30_66,"[[1, 14, 2, 15], [3, 18, 4, 1], [5, 12, 6, 13], [7, 5, 8, 4], [9, 17, 10, 16], [11, 6, 12, 7], [13, 9, 14, 8], [15, 2, 16, 3], [17, 11, 18, 10]]"
9_30_67,"[[17, 11, 18, 10], [1, 14, 2, 15], [3, 18, 4, 1], [5, 12, 6, 13], [7, 5, 8, 4], [9, 17, 10, 16], [11, 6, 12, 7], [13, 9, 14, 8], [15, 2, 16, 3]]"
9_30_68,"[[15, 2, 16, 3], [17, 11, 18, 10], [1, 14, 2, 15], [3, 18, 4, 1], [5, 12, 6, 13], [7, 5, 8, 4], [9, 17, 10, 16], [11, 6, 12, 7], [13, 9, 14, 8]]"
9_30_69,"[[13, 9, 14, 8], [15, 2, 16, 3], [17, 11, 18, 10], [1, 14, 2, 15], [3, 18, 4, 1], [5, 12, 6, 13], [7, 5, 8, 4], [9, 17, 10, 16], [11, 6, 12, 7]]"
9_30_70,"[[11, 6, 12, 7], [13, 9, 14, 8], [15, 2, 16, 3], [17, 11, 18, 10], [1, 14, 2, 15], [3, 18, 4, 1], [5, 12, 6, 13], [7, 5, 8, 4], [9, 17, 10, 16]]"
9_30_71,"[[9, 17, 10, 16], [11, 6, 12, 7], [13, 9, 14, 8], [15, 2, 16, 3], [17, 11, 18, 10], [1, 14, 2, 15], [3, 18, 4, 1], [5, 12, 6, 13], [7, 5, 8, 4]]"
9_30_72,"[[8, 6, 9, 5], [10, 18, 11, 17], [12, 7, 13, 8], [14, 10, 15, 9], [16, 3, 17, 4], [18, 12, 1, 11], [2, 15, 3, 16], [4, 1, 5, 2], [6, 13, 7, 14]]"
9_30_73,"[[6, 13, 7, 14], [8, 6, 9, 5], [10, 18, 11, 17], [12, 7, 13, 8], [14, 10, 15, 9], [16, 3, 17, 4], [18, 12, 1, 11], [2, 15, 3, 16], [4, 1, 5, 2]]"
9_30_74,"[[4, 1, 5, 2], [6, 13, 7, 14], [8, 6, 9, 5], [10, 18, 11, 17], [12, 7, 13, 8], [14, 10, 15, 9], [16, 3, 17, 4], [18, 12, 1, 11], [2, 15, 3, 16]]"
9_30_75,"[[2, 15, 3, 16], [4, 1, 5, 2], [6, 13, 7, 14], [8, 6, 9, 5], [10, 18, 11, 17], [12, 7, 13, 8], [14, 10, 15, 9], [16, 3, 17, 4], [18, 12, 1, 11]]"
9_30_76,"[[18, 12, 1, 11], [2, 15, 3, 16], [4, 1, 5, 2], [6, 13, 7, 14], [8, 6, 9, 5], [10, 18, 11, 17], [12, 7, 13, 8], [14, 10, 15, 9], [16, 3, 17, 4]]"
9_30_77,"[[16, 3, 17, 4], [18, 12, 1, 11], [2, 15, 3, 16], [4, 1, 5, 2], [6, 13, 7, 14], [8, 6, 9, 5], [10, 18, 11, 17], [12, 7, 13, 8], [14, 10, 15, 9]]"
9_30_78,"[[14, 10, 15, 9], [16, 3, 17, 4], [18, 12, 1, 11], [2, 15, 3, 16], [4, 1, 5, 2], [6, 13, 7, 14], [8, 6, 9, 5], [10, 18, 11, 17], [12, 7, 13, 8]]"
9_30_79,"[[12, 7, 13, 8], [14, 10, 15, 9], [16, 3, 17, 4], [18, 12, 1, 11], [2, 15, 3, 16], [4, 1, 5, 2], [6, 13, 7, 14], [8, 6, 9, 5], [10, 18, 11, 17]]"
9_30_80,"[[10, 18, 11, 17], [12, 7, 13, 8], [14, 10, 15, 9], [16, 3, 17, 4], [18, 12, 1, 11], [2, 15, 3, 16], [4, 1, 5, 2], [6, 13, 7, 14], [8, 6, 9, 5]]"
9_30_81,"[[9, 7, 10, 6], [11, 1, 12, 18], [13, 8, 14, 9], [15, 11, 16, 10], [17, 4, 18, 5], [1, 13, 2, 12], [3, 16, 4, 17], [5, 2, 6, 3], [7, 14, 8, 15]]"
9_30_82,"[[7, 14, 8, 15], [9, 7, 10, 6], [11, 1, 12, 18], [13, 8, 14, 9], [15, 11, 16, 10], [17, 4, 18, 5], [1, 13, 2, 12], [3, 16, 4, 17], [5, 2, 6, 3]]"
9_30_83,"[[5, 2, 6, 3], [7, 14, 8, 15], [9, 7, 10, 6], [11, 1, 12, 18], [13, 8, 14, 9], [15, 11, 16, 10], [17, 4, 18, 5], [1, 13, 2, 12], [3, 16, 4, 17]]"
9_30_84,"[[3, 16, 4, 17], [5, 2, 6, 3], [7, 14, 8, 15], [9, 7, 10, 6], [11, 1, 12, 18], [13, 8, 14, 9], [15, 11, 16, 10], [17, 4, 18, 5], [1, 13, 2, 12]]"
9_30_85,"[[1, 13, 2, 12], [3, 16, 4, 17], [5, 2, 6, 3], [7, 14, 8, 15], [9, 7, 10, 6], [11, 1, 12, 18], [13, 8, 14, 9], [15, 11, 16, 10], [17, 4, 18, 5]]"
9_30_86,"[[17, 4, 18, 5], [1, 13, 2, 12], [3, 16, 4, 17], [5, 2, 6, 3], [7, 14, 8, 15], [9, 7, 10, 6], [11, 1, 12, 18], [13, 8, 14, 9], [15, 11, 16, 10]]"
9_30_87,"[[15, 11, 16, 10], [17, 4, 18, 5], [1, 13, 2, 12], [3, 16, 4, 17], [5, 2, 6, 3], [7, 14, 8, 15], [9, 7, 10, 6], [11, 1, 12, 18], [13, 8, 14, 9]]"
9_30_88,"[[13, 8, 14, 9], [15, 11, 16, 10], [17, 4, 18, 5], [1, 13, 2, 12], [3, 16, 4, 17], [5, 2, 6, 3], [7, 14, 8, 15], [9, 7, 10, 6], [11, 1, 12, 18]]"
9_30_89,"[[11, 1, 12, 18], [13, 8, 14, 9], [15, 11, 16, 10], [17, 4, 18, 5], [1, 13, 2, 12], [3, 16, 4, 17], [5, 2, 6, 3], [7, 14, 8, 15], [9, 7, 10, 6]]"
9_30_90,"[[10, 8, 11, 7], [12, 2, 13, 1], [14, 9, 15, 10], [16, 12, 17, 11], [18, 5, 1, 6], [2, 14, 3, 13], [4, 17, 5, 18], [6, 3, 7, 4], [8, 15, 9, 16]]"
9_30_91,"[[8, 15, 9, 16], [10, 8, 11, 7], [12, 2, 13, 1], [14, 9, 15, 10], [16, 12, 17, 11], [18, 5, 1, 6], [2, 14, 3, 13], [4, 17, 5, 18], [6, 3, 7, 4]]"
9_30_92,"[[6, 3, 7, 4], [8, 15, 9, 16], [10, 8, 11, 7], [12, 2, 13, 1], [14, 9, 15, 10], [16, 12, 17, 11], [18, 5, 1, 6], [2, 14, 3, 13], [4, 17, 5, 18]]"
9_30_93,"[[4, 17, 5, 18], [6, 3, 7, 4], [8, 15, 9, 16], [10, 8, 11, 7], [12, 2, 13, 1], [14, 9, 15, 10], [16, 12, 17, 11], [18, 5, 1, 6], [2, 14, 3, 13]]"
9_30_94,"[[2, 14, 3, 13], [4, 17, 5, 18], [6, 3, 7, 4], [8, 15, 9, 16], [10, 8, 11, 7], [12, 2, 13, 1], [14, 9, 15, 10], [16, 12, 17, 11], [18, 5, 1, 6]]"
9_30_95,"[[18, 5, 1, 6], [2, 14, 3, 13], [4, 17, 5, 18], [6, 3, 7, 4], [8, 15, 9, 16], [10, 8, 11, 7], [12, 2, 13, 1], [14, 9, 15, 10], [16, 12, 17, 11]]"
9_30_96,"[[16, 12, 17, 11], [18, 5, 1, 6], [2, 14, 3, 13], [4, 17, 5, 18], [6, 3, 7, 4], [8, 15, 9, 16], [10, 8, 11, 7], [12, 2, 13, 1], [14, 9, 15, 10]]"
9_30_97,"[[14, 9, 15, 10], [16, 12, 17, 11], [18, 5, 1, 6], [2, 14, 3, 13], [4, 17, 5, 18], [6, 3, 7, 4], [8, 15, 9, 16], [10, 8, 11, 7], [12, 2, 13, 1]]"
9_30_98,"[[12, 2, 13, 1], [14, 9, 15, 10], [16, 12, 17, 11], [18, 5, 1, 6], [2, 14, 3, 13], [4, 17, 5, 18], [6, 3, 7, 4], [8, 15, 9, 16], [10, 8, 11, 7]]"
9_30_99,"[[11, 9, 12, 8], [13, 3, 14, 2], [15, 10, 16, 11], [17, 13, 18, 12], [1, 6, 2, 7], [3, 15, 4, 14], [5, 18, 6, 1], [7, 4, 8, 5], [9, 16, 10, 17]]"
9_30_100,"[[9, 16, 10, 17], [11, 9, 12, 8], [13, 3, 14, 2], [15, 10, 16, 11], [17, 13, 18, 12], [1, 6, 2, 7], [3, 15, 4, 14], [5, 18, 6, 1], [7, 4, 8, 5]]"
9_30_101,"[[7, 4, 8, 5], [9, 16, 10, 17], [11, 9, 12, 8], [13, 3, 14, 2], [15, 10, 16, 11], [17, 13, 18, 12], [1, 6, 2, 7], [3, 15, 4, 14], [5, 18, 6, 1]]"
9_30_102,"[[5, 18, 6, 1], [7, 4, 8, 5], [9, 16, 10, 17], [11, 9, 12, 8], [13, 3, 14, 2], [15, 10, 16, 11], [17, 13, 18, 12], [1, 6, 2, 7], [3, 15, 4, 14]]"
9_30_103,"[[3, 15, 4, 14], [5, 18, 6, 1], [7, 4, 8, 5], [9, 16, 10, 17], [11, 9, 12, 8], [13, 3, 14, 2], [15, 10, 16, 11], [17, 13, 18, 12], [1, 6, 2, 7]]"
9_30_104,"[[1, 6, 2, 7], [3, 15, 4, 14], [5, 18, 6, 1], [7, 4, 8, 5], [9, 16, 10, 17], [11, 9, 12, 8], [13, 3, 14, 2], [15, 10, 16, 11], [17, 13, 18, 12]]"
9_30_105,"[[17, 13, 18, 12], [1, 6, 2, 7], [3, 15, 4, 14], [5, 18, 6, 1], [7, 4, 8, 5], [9, 16, 10, 17], [11, 9, 12, 8], [13, 3, 14, 2], [15, 10, 16, 11]]"
9_30_106,"[[15, 10, 16, 11], [17, 13, 18, 12], [1, 6, 2, 7], [3, 15, 4, 14], [5, 18, 6, 1], [7, 4, 8, 5], [9, 16, 10, 17], [11, 9, 12, 8], [13, 3, 14, 2]]"
9_30_107,"[[13, 3, 14, 2], [15, 10, 16, 11], [17, 13, 18, 12], [1, 6, 2, 7], [3, 15, 4, 14], [5, 18, 6, 1], [7, 4, 8, 5], [9, 16, 10, 17], [11, 9, 12, 8]]"
9_30_108,"[[12, 10, 13, 9], [14, 4, 15, 3], [16, 11, 17, 12], [18, 14, 1, 13], [2, 7, 3, 8], [4, 16, 5, 15], [6, 1, 7, 2], [8, 5, 9, 6], [10, 17, 11, 18]]"
9_30_109,"[[10, 17, 11, 18], [12, 10, 13, 9], [14, 4, 15, 3], [16, 11, 17, 12], [18, 14, 1, 13], [2, 7, 3, 8], [4, 16, 5, 15], [6, 1, 7, 2], [8, 5, 9, 6]]"
9_30_110,"[[8, 5, 9, 6], [10, 17, 11, 18], [12, 10, 13, 9], [14, 4, 15, 3], [16, 11, 17, 12], [18, 14, 1, 13], [2, 7, 3, 8], [4, 16, 5, 15], [6, 1, 7, 2]]"
9_30_111,"[[6, 1, 7, 2], [8, 5, 9, 6], [10, 17, 11, 18], [12, 10, 13, 9], [14, 4, 15, 3], [16, 11, 17, 12], [18, 14, 1, 13], [2, 7, 3, 8], [4, 16, 5, 15]]"
9_30_112,"[[4, 16, 5, 15], [6, 1, 7, 2], [8, 5, 9, 6], [10, 17, 11, 18], [12, 10, 13, 9], [14, 4, 15, 3], [16, 11, 17, 12], [18, 14, 1, 13], [2, 7, 3, 8]]"
9_30_113,"[[2, 7, 3, 8], [4, 16, 5, 15], [6, 1, 7, 2], [8, 5, 9, 6], [10, 17, 11, 18], [12, 10, 13, 9], [14, 4, 15, 3], [16, 11, 17, 12], [18, 14, 1, 13]]"
9_30_114,"[[18, 14, 1, 13], [2, 7, 3, 8], [4, 16, 5, 15], [6, 1, 7, 2], [8, 5, 9, 6], [10, 17, 11, 18], [12, 10, 13, 9], [14, 4, 15, 3], [16, 11, 17, 12]]"
9_30_115,"[[16, 11, 17, 12], [18, 14, 1, 13], [2, 7, 3, 8], [4, 16, 5, 15], [6, 1, 7, 2], [8, 5, 9, 6], [10, 17, 11, 18], [12, 10, 13, 9], [14, 4, 15, 3]]"
9_30_116,"[[14, 4, 15, 3], [16, 11, 17, 12], [18, 14, 1, 13], [2, 7, 3, 8], [4, 16, 5, 15], [6, 1, 7, 2], [8, 5, 9, 6], [10, 17, 11, 18], [12, 10, 13, 9]]"
9_30_117,"[[13, 11, 14, 10], [15, 5, 16, 4], [17, 12, 18, 13], [1, 15, 2, 14], [3, 8, 4, 9], [5, 17, 6, 16], [7, 2, 8, 3], [9, 6, 10, 7], [11, 18, 12, 1]]"
9_30_118,"[[11, 18, 12, 1], [13, 11, 14, 10], [15, 5, 16, 4], [17, 12, 18, 13], [1, 15, 2, 14], [3, 8, 4, 9], [5, 17, 6, 16], [7, 2, 8, 3], [9, 6, 10, 7]]"
9_30_119,"[[9, 6, 10, 7], [11, 18, 12, 1], [13, 11, 14, 10], [15, 5, 16, 4], [17, 12, 18, 13], [1, 15, 2, 14], [3, 8, 4, 9], [5, 17, 6, 16], [7, 2, 8, 3]]"
9_30_120,"[[7, 2, 8, 3], [9, 6, 10, 7], [11, 18, 12, 1], [13, 11, 14, 10], [15, 5, 16, 4], [17, 12, 18, 13], [1, 15, 2, 14], [3, 8, 4, 9], [5, 17, 6, 16]]"
9_30_121,"[[5, 17, 6, 16], [7, 2, 8, 3], [9, 6, 10, 7], [11, 18, 12, 1], [13, 11, 14, 10], [15, 5, 16, 4], [17, 12, 18, 13], [1, 15, 2, 14], [3, 8, 4, 9]]"
9_30_122,"[[3, 8, 4, 9], [5, 17, 6, 16], [7, 2, 8, 3], [9, 6, 10, 7], [11, 18, 12, 1], [13, 11, 14, 10], [15, 5, 16, 4], [17, 12, 18, 13], [1, 15, 2, 14]]"
9_30_123,"[[1, 15, 2, 14], [3, 8, 4, 9], [5, 17, 6, 16], [7, 2, 8, 3], [9, 6, 10, 7], [11, 18, 12, 1], [13, 11, 14, 10], [15, 5, 16, 4], [17, 12, 18, 13]]"
9_30_124,"[[17, 12, 18, 13], [1, 15, 2, 14], [3, 8, 4, 9], [5, 17, 6, 16], [7, 2, 8, 3], [9, 6, 10, 7], [11, 18, 12, 1], [13, 11, 14, 10], [15, 5, 16, 4]]"
9_30_125,"[[15, 5, 16, 4], [17, 12, 18, 13], [1, 15, 2, 14], [3, 8, 4, 9], [5, 17, 6, 16], [7, 2, 8, 3], [9, 6, 10, 7], [11, 18, 12, 1], [13, 11, 14, 10]]"
9_30_126,"[[14, 12, 15, 11], [16, 6, 17, 5], [18, 13, 1, 14], [2, 16, 3, 15], [4, 9, 5, 10], [6, 18, 7, 17], [8, 3, 9, 4], [10, 7, 11, 8], [12, 1, 13, 2]]"
9_30_127,"[[12, 1, 13, 2], [14, 12, 15, 11], [16, 6, 17, 5], [18, 13, 1, 14], [2, 16, 3, 15], [4, 9, 5, 10], [6, 18, 7, 17], [8, 3, 9, 4], [10, 7, 11, 8]]"
9_30_128,"[[10, 7, 11, 8], [12, 1, 13, 2], [14, 12, 15, 11], [16, 6, 17, 5], [18, 13, 1, 14], [2, 16, 3, 15], [4, 9, 5, 10], [6, 18, 7, 17], [8, 3, 9, 4]]"
9_30_129,"[[8, 3, 9, 4], [10, 7, 11, 8], [12, 1, 13, 2], [14, 12, 15, 11], [16, 6, 17, 5], [18, 13, 1, 14], [2, 16, 3, 15], [4, 9, 5, 10], [6, 18, 7, 17]]"
9_30_130,"[[6, 18, 7, 17], [8, 3, 9, 4], [10, 7, 11, 8], [12, 1, 13, 2], [14, 12, 15, 11], [16, 6, 17, 5], [18, 13, 1, 14], [2, 16, 3, 15], [4, 9, 5, 10]]"
9_30_131,"[[4, 9, 5, 10], [6, 18, 7, 17], [8, 3, 9, 4], [10, 7, 11, 8], [12, 1, 13, 2], [14, 12, 15, 11], [16, 6, 17, 5], [18, 13, 1, 14], [2, 16, 3, 15]]"
9_30_132,"[[2, 16, 3, 15], [4, 9, 5, 10], [6, 18, 7, 17], [8, 3, 9, 4], [10, 7, 11, 8], [12, 1, 13, 2], [14, 12, 15, 11], [16, 6, 17, 5], [18, 13, 1, 14]]"
9_30_133,"[[18, 13, 1, 14], [2, 16, 3, 15], [4, 9, 5, 10], [6, 18, 7, 17], [8, 3, 9, 4], [10, 7, 11, 8], [12, 1, 13, 2], [14, 12, 15, 11], [16, 6, 17, 5]]"
9_30_134,"[[16, 6, 17, 5], [18, 13, 1, 14], [2, 16, 3, 15], [4, 9, 5, 10], [6, 18, 7, 17], [8, 3, 9, 4], [10, 7, 11, 8], [12, 1, 13, 2], [14, 12, 15, 11]]"
9_30_135,"[[15, 13, 16, 12], [17, 7, 18, 6], [1, 14, 2, 15], [3, 17, 4, 16], [5, 10, 6, 11], [7, 1, 8, 18], [9, 4, 10, 5], [11, 8, 12, 9], [13, 2, 14, 3]]"
9_30_136,"[[13, 2, 14, 3], [15, 13, 16, 12], [17, 7, 18, 6], [1, 14, 2, 15], [3, 17, 4, 16], [5, 10, 6, 11], [7, 1, 8, 18], [9, 4, 10, 5], [11, 8, 12, 9]]"
9_30_137,"[[11, 8, 12, 9], [13, 2, 14, 3], [15, 13, 16, 12], [17, 7, 18, 6], [1, 14, 2, 15], [3, 17, 4, 16], [5, 10, 6, 11], [7, 1, 8, 18], [9, 4, 10, 5]]"
9_30_138,"[[9, 4, 10, 5], [11, 8, 12, 9], [13, 2, 14, 3], [15, 13, 16, 12], [17, 7, 18, 6], [1, 14, 2, 15], [3, 17, 4, 16], [5, 10, 6, 11], [7, 1, 8, 18]]"
9_30_139,"[[7, 1, 8, 18], [9, 4, 10, 5], [11, 8, 12, 9], [13, 2, 14, 3], [15, 13, 16, 12], [17, 7, 18, 6], [1, 14, 2, 15], [3, 17, 4, 16], [5, 10, 6, 11]]"
9_30_140,"[[5, 10, 6, 11], [7, 1, 8, 18], [9, 4, 10, 5], [11, 8, 12, 9], [13, 2, 14, 3], [15, 13, 16, 12], [17, 7, 18, 6], [1, 14, 2, 15], [3, 17, 4, 16]]"
9_30_141,"[[3, 17, 4, 16], [5, 10, 6, 11], [7, 1, 8, 18], [9, 4, 10, 5], [11, 8, 12, 9], [13, 2, 14, 3], [15, 13, 16, 12], [17, 7, 18, 6], [1, 14, 2, 15]]"
9_30_142,"[[1, 14, 2, 15], [3, 17, 4, 16], [5, 10, 6, 11], [7, 1, 8, 18], [9, 4, 10, 5], [11, 8, 12, 9], [13, 2, 14, 3], [15, 13, 16, 12], [17, 7, 18, 6]]"
9_30_143,"[[17, 7, 18, 6], [1, 14, 2, 15], [3, 17, 4, 16], [5, 10, 6, 11], [7, 1, 8, 18], [9, 4, 10, 5], [11, 8, 12, 9], [13, 2, 14, 3], [15, 13, 16, 12]]"
9_30_144,"[[16, 14, 17, 13], [18, 8, 1, 7], [2, 15, 3, 16], [4, 18, 5, 17], [6, 11, 7, 12], [8, 2, 9, 1], [10, 5, 11, 6], [12, 9, 13, 10], [14, 3, 15, 4]]"
9_30_145,"[[14, 3, 15, 4], [16, 14, 17, 13], [18, 8, 1, 7], [2, 15, 3, 16], [4, 18, 5, 17], [6, 11, 7, 12], [8, 2, 9, 1], [10, 5, 11, 6], [12, 9, 13, 10]]"
9_30_146,"[[12, 9, 13, 10], [14, 3, 15, 4], [16, 14, 17, 13], [18, 8, 1, 7], [2, 15, 3, 16], [4, 18, 5, 17], [6, 11, 7, 12], [8, 2, 9, 1], [10, 5, 11, 6]]"
9_30_147,"[[10, 5, 11, 6], [12, 9, 13, 10], [14, 3, 15, 4], [16, 14, 17, 13], [18, 8, 1, 7], [2, 15, 3, 16], [4, 18, 5, 17], [6, 11, 7, 12], [8, 2, 9, 1]]"
9_30_148,"[[8, 2, 9, 1], [10, 5, 11, 6], [12, 9, 13, 10], [14, 3, 15, 4], [16, 14, 17, 13], [18, 8, 1, 7], [2, 15, 3, 16], [4, 18, 5, 17], [6, 11, 7, 12]]"
9_30_149,"[[6, 11, 7, 12], [8, 2, 9, 1], [10, 5, 11, 6], [12, 9, 13, 10], [14, 3, 15, 4], [16, 14, 17, 13], [18, 8, 1, 7], [2, 15, 3, 16], [4, 18, 5, 17]]"
9_30_150,"[[4, 18, 5, 17], [6, 11, 7, 12], [8, 2, 9, 1], [10, 5, 11, 6], [12, 9, 13, 10], [14, 3, 15, 4], [16, 14, 17, 13], [18, 8, 1, 7], [2, 15, 3, 16]]"
9_30_151,"[[2, 15, 3, 16], [4, 18, 5, 17], [6, 11, 7, 12], [8, 2, 9, 1], [10, 5, 11, 6], [12, 9, 13, 10], [14, 3, 15, 4], [16, 14, 17, 13], [18, 8, 1, 7]]"
9_30_152,"[[18, 8, 1, 7], [2, 15, 3, 16], [4, 18, 5, 17], [6, 11, 7, 12], [8, 2, 9, 1], [10, 5, 11, 6], [12, 9, 13, 10], [14, 3, 15, 4], [16, 14, 17, 13]]"
9_30_153,"[[17, 15, 18, 14], [1, 9, 2, 8], [3, 16, 4, 17], [5, 1, 6, 18], [7, 12, 8, 13], [9, 3, 10, 2], [11, 6, 12, 7], [13, 10, 14, 11], [15, 4, 16, 5]]"
9_30_154,"[[15, 4, 16, 5], [17, 15, 18, 14], [1, 9, 2, 8], [3, 16, 4, 17], [5, 1, 6, 18], [7, 12, 8, 13], [9, 3, 10, 2], [11, 6, 12, 7], [13, 10, 14, 11]]"
9_30_155,"[[13, 10, 14, 11], [15, 4, 16, 5], [17, 15, 18, 14], [1, 9, 2, 8], [3, 16, 4, 17], [5, 1, 6, 18], [7, 12, 8, 13], [9, 3, 10, 2], [11, 6, 12, 7]]"
9_30_156,"[[11, 6, 12, 7], [13, 10, 14, 11], [15, 4, 16, 5], [17, 15, 18, 14], [1, 9, 2, 8], [3, 16, 4, 17], [5, 1, 6, 18], [7, 12, 8, 13], [9, 3, 10, 2]]"
9_30_157,"[[9, 3, 10, 2], [11, 6, 12, 7], [13, 10, 14, 11], [15, 4, 16, 5], [17, 15, 18, 14], [1, 9, 2, 8], [3, 16, 4, 17], [5, 1, 6, 18], [7, 12, 8, 13]]"
9_30_158,"[[7, 12, 8, 13], [9, 3, 10, 2], [11, 6, 12, 7], [13, 10, 14, 11], [15, 4, 16, 5], [17, 15, 18, 14], [1, 9, 2, 8], [3, 16, 4, 17], [5, 1, 6, 18]]"
9_30_159,"[[5, 1, 6, 18], [7, 12, 8, 13], [9, 3, 10, 2], [11, 6, 12, 7], [13, 10, 14, 11], [15, 4, 16, 5], [17, 15, 18, 14], [1, 9, 2, 8], [3, 16, 4, 17]]"
9_30_160,"[[3, 16, 4, 17], [5, 1, 6, 18], [7, 12, 8, 13], [9, 3, 10, 2], [11, 6, 12, 7], [13, 10, 14, 11], [15, 4, 16, 5], [17, 15, 18, 14], [1, 9, 2, 8]]"
9_30_161,"[[1, 9, 2, 8], [3, 16, 4, 17], [5, 1, 6, 18], [7, 12, 8, 13], [9, 3, 10, 2], [11, 6, 12, 7], [13, 10, 14, 11], [15, 4, 16, 5], [17, 15, 18, 14]]"
9_30_reversed_162,"[[18, 12, 1, 11], [2, 6, 3, 5], [4, 15, 5, 16], [6, 9, 7, 10], [8, 13, 9, 14], [10, 18, 11, 17], [12, 7, 13, 8], [14, 2, 15, 1], [16, 3, 17, 4]]"
9_30_reversed_163,"[[16, 3, 17, 4], [18, 12, 1, 11], [2, 6, 3, 5], [4, 15, 5, 16], [6, 9, 7, 10], [8, 13, 9, 14], [10, 18, 11, 17], [12, 7, 13, 8], [14, 2, 15, 1]]"
9_30_reversed_164,"[[14, 2, 15, 1], [16, 3, 17, 4], [18, 12, 1, 11], [2, 6, 3, 5], [4, 15, 5, 16], [6, 9, 7, 10], [8, 13, 9, 14], [10, 18, 11, 17], [12, 7, 13, 8]]"
9_30_reversed_165,"[[12, 7, 13, 8], [14, 2, 15, 1], [16, 3, 17, 4], [18, 12, 1, 11], [2, 6, 3, 5], [4, 15, 5, 16], [6, 9, 7, 10], [8, 13, 9, 14], [10, 18, 11, 17]]"
9_30_reversed_166,"[[10, 18, 11, 17], [12, 7, 13, 8], [14, 2, 15, 1], [16, 3, 17, 4], [18, 12, 1, 11], [2, 6, 3, 5], [4, 15, 5, 16], [6, 9, 7, 10], [8, 13, 9, 14]]"
9_30_reversed_167,"[[8, 13, 9, 14], [10, 18, 11, 17], [12, 7, 13, 8], [14, 2, 15, 1], [16, 3, 17, 4], [18, 12, 1, 11], [2, 6, 3, 5], [4, 15, 5, 16], [6, 9, 7, 10]]"
9_30_reversed_168,"[[6, 9, 7, 10], [8, 13, 9, 14], [10, 18, 11, 17], [12, 7, 13, 8], [14, 2, 15, 1], [16, 3, 17, 4], [18, 12, 1, 11], [2, 6, 3, 5], [4, 15, 5, 16]]"
9_30_reversed_169,"[[4, 15, 5, 16], [6, 9, 7, 10], [8, 13, 9, 14], [10, 18, 11, 17], [12, 7, 13, 8], [14, 2, 15, 1], [16, 3, 17, 4], [18, 12, 1, 11], [2, 6, 3, 5]]"
9_30_reversed_170,"[[2, 6, 3, 5], [4, 15, 5, 16], [6, 9, 7, 10], [8, 13, 9, 14], [10, 18, 11, 17], [12, 7, 13, 8], [14, 2, 15, 1], [16, 3, 17, 4], [18, 12, 1, 11]]"
9_30_reversed_171,"[[1, 13, 2, 12], [3, 7, 4, 6], [5, 16, 6, 17], [7, 10, 8, 11], [9, 14, 10, 15], [11, 1, 12, 18], [13, 8, 14, 9], [15, 3, 16, 2], [17, 4, 18, 5]]"
9_30_reversed_172,"[[17, 4, 18, 5], [1, 13, 2, 12], [3, 7, 4, 6], [5, 16, 6, 17], [7, 10, 8, 11], [9, 14, 10, 15], [11, 1, 12, 18], [13, 8, 14, 9], [15, 3, 16, 2]]"
9_30_reversed_173,"[[15, 3, 16, 2], [17, 4, 18, 5], [1, 13, 2, 12], [3, 7, 4, 6], [5, 16, 6, 17], [7, 10, 8, 11], [9, 14, 10, 15], [11, 1, 12, 18], [13, 8, 14, 9]]"
9_30_reversed_174,"[[13, 8, 14, 9], [15, 3, 16, 2], [17, 4, 18, 5], [1, 13, 2, 12], [3, 7, 4, 6], [5, 16, 6, 17], [7, 10, 8, 11], [9, 14, 10, 15], [11, 1, 12, 18]]"
9_30_reversed_175,"[[11, 1, 12, 18], [13, 8, 14, 9], [15, 3, 16, 2], [17, 4, 18, 5], [1, 13, 2, 12], [3, 7, 4, 6], [5, 16, 6, 17], [7, 10, 8, 11], [9, 14, 10, 15]]"
9_30_reversed_176,"[[9, 14, 10, 15], [11, 1, 12, 18], [13, 8, 14, 9], [15, 3, 16, 2], [17, 4, 18, 5], [1, 13, 2, 12], [3, 7, 4, 6], [5, 16, 6, 17], [7, 10, 8, 11]]"
9_30_reversed_177,"[[7, 10, 8, 11], [9, 14, 10, 15], [11, 1, 12, 18], [13, 8, 14, 9], [15, 3, 16, 2], [17, 4, 18, 5], [1, 13, 2, 12], [3, 7, 4, 6], [5, 16, 6, 17]]"
9_30_reversed_178,"[[5, 16, 6, 17], [7, 10, 8, 11], [9, 14, 10, 15], [11, 1, 12, 18], [13, 8, 14, 9], [15, 3, 16, 2], [17, 4, 18, 5], [1, 13, 2, 12], [3, 7, 4, 6]]"
9_30_reversed_179,"[[3, 7, 4, 6], [5, 16, 6, 17], [7, 10, 8, 11], [9, 14, 10, 15], [11, 1, 12, 18], [13, 8, 14, 9], [15, 3, 16, 2], [17, 4, 18, 5], [1, 13, 2, 12]]"
9_30_reversed_180,"[[2, 14, 3, 13], [4, 8, 5, 7], [6, 17, 7, 18], [8, 11, 9, 12], [10, 15, 11, 16], [12, 2, 13, 1], [14, 9, 15, 10], [16, 4, 17, 3], [18, 5, 1, 6]]"
9_30_reversed_181,"[[18, 5, 1, 6], [2, 14, 3, 13], [4, 8, 5, 7], [6, 17, 7, 18], [8, 11, 9, 12], [10, 15, 11, 16], [12, 2, 13, 1], [14, 9, 15, 10], [16, 4, 17, 3]]"
9_30_reversed_182,"[[16, 4, 17, 3], [18, 5, 1, 6], [2, 14, 3, 13], [4, 8, 5, 7], [6, 17, 7, 18], [8, 11, 9, 12], [10, 15, 11, 16], [12, 2, 13, 1], [14, 9, 15, 10]]"
9_30_reversed_183,"[[14, 9, 15, 10], [16, 4, 17, 3], [18, 5, 1, 6], [2, 14, 3, 13], [4, 8, 5, 7], [6, 17, 7, 18], [8, 11, 9, 12], [10, 15, 11, 16], [12, 2, 13, 1]]"
9_30_reversed_184,"[[12, 2, 13, 1], [14, 9, 15, 10], [16, 4, 17, 3], [18, 5, 1, 6], [2, 14, 3, 13], [4, 8, 5, 7], [6, 17, 7, 18], [8, 11, 9, 12], [10, 15, 11, 16]]"
9_30_reversed_185,"[[10, 15, 11, 16], [12, 2, 13, 1], [14, 9, 15, 10], [16, 4, 17, 3], [18, 5, 1, 6], [2, 14, 3, 13], [4, 8, 5, 7], [6, 17, 7, 18], [8, 11, 9, 12]]"
9_30_reversed_186,"[[8, 11, 9, 12], [10, 15, 11, 16], [12, 2, 13, 1], [14, 9, 15, 10], [16, 4, 17, 3], [18, 5, 1, 6], [2, 14, 3, 13], [4, 8, 5, 7], [6, 17, 7, 18]]"
9_30_reversed_187,"[[6, 17, 7, 18], [8, 11, 9, 12], [10, 15, 11, 16], [12, 2, 13, 1], [14, 9, 15, 10], [16, 4, 17, 3], [18, 5, 1, 6], [2, 14, 3, 13], [4, 8, 5, 7]]"
9_30_reversed_188,"[[4, 8, 5, 7], [6, 17, 7, 18], [8, 11, 9, 12], [10, 15, 11, 16], [12, 2, 13, 1], [14, 9, 15, 10], [16, 4, 17, 3], [18, 5, 1, 6], [2, 14, 3, 13]]"
9_30_reversed_189,"[[3, 15, 4, 14], [5, 9, 6, 8], [7, 18, 8, 1], [9, 12, 10, 13], [11, 16, 12, 17], [13, 3, 14, 2], [15, 10, 16, 11], [17, 5, 18, 4], [1, 6, 2, 7]]"
9_30_reversed_190,"[[1, 6, 2, 7], [3, 15, 4, 14], [5, 9, 6, 8], [7, 18, 8, 1], [9, 12, 10, 13], [11, 16, 12, 17], [13, 3, 14, 2], [15, 10, 16, 11], [17, 5, 18, 4]]"
9_30_reversed_191,"[[17, 5, 18, 4], [1, 6, 2, 7], [3, 15, 4, 14], [5, 9, 6, 8], [7, 18, 8, 1], [9, 12, 10, 13], [11, 16, 12, 17], [13, 3, 14, 2], [15, 10, 16, 11]]"
9_30_reversed_192,"[[15, 10, 16, 11], [17, 5, 18, 4], [1, 6, 2, 7], [3, 15, 4, 14], [5, 9, 6, 8], [7, 18, 8, 1], [9, 12, 10, 13], [11, 16, 12, 17], [13, 3, 14, 2]]"
9_30_reversed_193,"[[13, 3, 14, 2], [15, 10, 16, 11], [17, 5, 18, 4], [1, 6, 2, 7], [3, 15, 4, 14], [5, 9, 6, 8], [7, 18, 8, 1], [9, 12, 10, 13], [11, 16, 12, 17]]"
9_30_reversed_194,"[[11, 16, 12, 17], [13, 3, 14, 2], [15, 10, 16, 11], [17, 5, 18, 4], [1, 6, 2, 7], [3, 15, 4, 14], [5, 9, 6, 8], [7, 18, 8, 1], [9, 12, 10, 13]]"
9_30_reversed_195,"[[9, 12, 10, 13], [11, 16, 12, 17], [13, 3, 14, 2], [15, 10, 16, 11], [17, 5, 18, 4], [1, 6, 2, 7], [3, 15, 4, 14], [5, 9, 6, 8], [7, 18, 8, 1]]"
9_30_reversed_196,"[[7, 18, 8, 1], [9, 12, 10, 13], [11, 16, 12, 17], [13, 3, 14, 2], [15, 10, 16, 11], [17, 5, 18, 4], [1, 6, 2, 7], [3, 15, 4, 14], [5, 9, 6, 8]]"
9_30_reversed_197,"[[5, 9, 6, 8], [7, 18, 8, 1], [9, 12, 10, 13], [11, 16, 12, 17], [13, 3, 14, 2], [15, 10, 16, 11], [17, 5, 18, 4], [1, 6, 2, 7], [3, 15, 4, 14]]"
9_30_reversed_198,"[[4, 16, 5, 15], [6, 10, 7, 9], [8, 1, 9, 2], [10, 13, 11, 14], [12, 17, 13, 18], [14, 4, 15, 3], [16, 11, 17, 12], [18, 6, 1, 5], [2, 7, 3, 8]]"
9_30_reversed_199,"[[2, 7, 3, 8], [4, 16, 5, 15], [6, 10, 7, 9], [8, 1, 9, 2], [10, 13, 11, 14], [12, 17, 13, 18], [14, 4, 15, 3], [16, 11, 17, 12], [18, 6, 1, 5]]"
9_30_reversed_200,"[[18, 6, 1, 5], [2, 7, 3, 8], [4, 16, 5, 15], [6, 10, 7, 9], [8, 1, 9, 2], [10, 13, 11, 14], [12, 17, 13, 18], [14, 4, 15, 3], [16, 11, 17, 12]]"
9_30_reversed_201,"[[16, 11, 17, 12], [18, 6, 1, 5], [2, 7, 3, 8], [4, 16, 5, 15], [6, 10, 7, 9], [8, 1, 9, 2], [10, 13, 11, 14], [12, 17, 13, 18], [14, 4, 15, 3]]"
9_30_reversed_202,"[[14, 4, 15, 3], [16, 11, 17, 12], [18, 6, 1, 5], [2, 7, 3, 8], [4, 16, 5, 15], [6, 10, 7, 9], [8, 1, 9, 2], [10, 13, 11, 14], [12, 17, 13, 18]]"
9_30_reversed_203,"[[12, 17, 13, 18], [14, 4, 15, 3], [16, 11, 17, 12], [18, 6, 1, 5], [2, 7, 3, 8], [4, 16, 5, 15], [6, 10, 7, 9], [8, 1, 9, 2], [10, 13, 11, 14]]"
9_30_reversed_204,"[[10, 13, 11, 14], [12, 17, 13, 18], [14, 4, 15, 3], [16, 11, 17, 12], [18, 6, 1, 5], [2, 7, 3, 8], [4, 16, 5, 15], [6, 10, 7, 9], [8, 1, 9, 2]]"
9_30_reversed_205,"[[8, 1, 9, 2], [10, 13, 11, 14], [12, 17, 13, 18], [14, 4, 15, 3], [16, 11, 17, 12], [18, 6, 1, 5], [2, 7, 3, 8], [4, 16, 5, 15], [6, 10, 7, 9]]"
9_30_reversed_206,"[[6, 10, 7, 9], [8, 1, 9, 2], [10, 13, 11, 14], [12, 17, 13, 18], [14, 4, 15, 3], [16, 11, 17, 12], [18, 6, 1, 5], [2, 7, 3, 8], [4, 16, 5, 15]]"
9_30_reversed_207,"[[5, 17, 6, 16], [7, 11, 8, 10], [9, 2, 10, 3], [11, 14, 12, 15], [13, 18, 14, 1], [15, 5, 16, 4], [17, 12, 18, 13], [1, 7, 2, 6], [3, 8, 4, 9]]"
9_30_reversed_208,"[[3, 8, 4, 9], [5, 17, 6, 16], [7, 11, 8, 10], [9, 2, 10, 3], [11, 14, 12, 15], [13, 18, 14, 1], [15, 5, 16, 4], [17, 12, 18, 13], [1, 7, 2, 6]]"
9_30_reversed_209,"[[1, 7, 2, 6], [3, 8, 4, 9], [5, 17, 6, 16], [7, 11, 8, 10], [9, 2, 10, 3], [11, 14, 12, 15], [13, 18, 14, 1], [15, 5, 16, 4], [17, 12, 18, 13]]"
9_30_reversed_210,"[[17, 12, 18, 13], [1, 7, 2, 6], [3, 8, 4, 9], [5, 17, 6, 16], [7, 11, 8, 10], [9, 2, 10, 3], [11, 14, 12, 15], [13, 18, 14, 1], [15, 5, 16, 4]]"
9_30_reversed_211,"[[15, 5, 16, 4], [17, 12, 18, 13], [1, 7, 2, 6], [3, 8, 4, 9], [5, 17, 6, 16], [7, 11, 8, 10], [9, 2, 10, 3], [11, 14, 12, 15], [13, 18, 14, 1]]"
9_30_reversed_212,"[[13, 18, 14, 1], [15, 5, 16, 4], [17, 12, 18, 13], [1, 7, 2, 6], [3, 8, 4, 9], [5, 17, 6, 16], [7, 11, 8, 10], [9, 2, 10, 3], [11, 14, 12, 15]]"
9_30_reversed_213,"[[11, 14, 12, 15], [13, 18, 14, 1], [15, 5, 16, 4], [17, 12, 18, 13], [1, 7, 2, 6], [3, 8, 4, 9], [5, 17, 6, 16], [7, 11, 8, 10], [9, 2, 10, 3]]"
9_30_reversed_214,"[[9, 2, 10, 3], [11, 14, 12, 15], [13, 18, 14, 1], [15, 5, 16, 4], [17, 12, 18, 13], [1, 7, 2, 6], [3, 8, 4, 9], [5, 17, 6, 16], [7, 11, 8, 10]]"
9_30_reversed_215,"[[7, 11, 8, 10], [9, 2, 10, 3], [11, 14, 12, 15], [13, 18, 14, 1], [15, 5, 16, 4], [17, 12, 18, 13], [1, 7, 2, 6], [3, 8, 4, 9], [5, 17, 6, 16]]"
9_30_reversed_216,"[[6, 18, 7, 17], [8, 12, 9, 11], [10, 3, 11, 4], [12, 15, 13, 16], [14, 1, 15, 2], [16, 6, 17, 5], [18, 13, 1, 14], [2, 8, 3, 7], [4, 9, 5, 10]]"
9_30_reversed_217,"[[4, 9, 5, 10], [6, 18, 7, 17], [8, 12, 9, 11], [10, 3, 11, 4], [12, 15, 13, 16], [14, 1, 15, 2], [16, 6, 17, 5], [18, 13, 1, 14], [2, 8, 3, 7]]"
9_30_reversed_218,"[[2, 8, 3, 7], [4, 9, 5, 10], [6, 18, 7, 17], [8, 12, 9, 11], [10, 3, 11, 4], [12, 15, 13, 16], [14, 1, 15, 2], [16, 6, 17, 5], [18, 13, 1, 14]]"
9_30_reversed_219,"[[18, 13, 1, 14], [2, 8, 3, 7], [4, 9, 5, 10], [6, 18, 7, 17], [8, 12, 9, 11], [10, 3, 11, 4], [12, 15, 13, 16], [14, 1, 15, 2], [16, 6, 17, 5]]"
9_30_reversed_220,"[[16, 6, 17, 5], [18, 13, 1, 14], [2, 8, 3, 7], [4, 9, 5, 10], [6, 18, 7, 17], [8, 12, 9, 11], [10, 3, 11, 4], [12, 15, 13, 16], [14, 1, 15, 2]]"
9_30_reversed_221,"[[14, 1, 15, 2], [16, 6, 17, 5], [18, 13, 1, 14], [2, 8, 3, 7], [4, 9, 5, 10], [6, 18, 7, 17], [8, 12, 9, 11], [10, 3, 11, 4], [12, 15, 13, 16]]"
9_30_reversed_222,"[[12, 15, 13, 16], [14, 1, 15, 2], [16, 6, 17, 5], [18, 13, 1, 14], [2, 8, 3, 7], [4, 9, 5, 10], [6, 18, 7, 17], [8, 12, 9, 11], [10, 3, 11, 4]]"
9_30_reversed_223,"[[10, 3, 11, 4], [12, 15, 13, 16], [14, 1, 15, 2], [16, 6, 17, 5], [18, 13, 1, 14], [2, 8, 3, 7], [4, 9, 5, 10], [6, 18, 7, 17], [8, 12, 9, 11]]"
9_30_reversed_224,"[[8, 12, 9, 11], [10, 3, 11, 4], [12, 15, 13, 16], [14, 1, 15, 2], [16, 6, 17, 5], [18, 13, 1, 14], [2, 8, 3, 7], [4, 9, 5, 10], [6, 18, 7, 17]]"
9_30_reversed_225,"[[7, 1, 8, 18], [9, 13, 10, 12], [11, 4, 12, 5], [13, 16, 14, 17], [15, 2, 16, 3], [17, 7, 18, 6], [1, 14, 2, 15], [3, 9, 4, 8], [5, 10, 6, 11]]"
9_30_reversed_226,"[[5, 10, 6, 11], [7, 1, 8, 18], [9, 13, 10, 12], [11, 4, 12, 5], [13, 16, 14, 17], [15, 2, 16, 3], [17, 7, 18, 6], [1, 14, 2, 15], [3, 9, 4, 8]]"
9_30_reversed_227,"[[3, 9, 4, 8], [5, 10, 6, 11], [7, 1, 8, 18], [9, 13, 10, 12], [11, 4, 12, 5], [13, 16, 14, 17], [15, 2, 16, 3], [17, 7, 18, 6], [1, 14, 2, 15]]"
9_30_reversed_228,"[[1, 14, 2, 15], [3, 9, 4, 8], [5, 10, 6, 11], [7, 1, 8, 18], [9, 13, 10, 12], [11, 4, 12, 5], [13, 16, 14, 17], [15, 2, 16, 3], [17, 7, 18, 6]]"
9_30_reversed_229,"[[17, 7, 18, 6], [1, 14, 2, 15], [3, 9, 4, 8], [5, 10, 6, 11], [7, 1, 8, 18], [9, 13, 10, 12], [11, 4, 12, 5], [13, 16, 14, 17], [15, 2, 16, 3]]"
9_30_reversed_230,"[[15, 2, 16, 3], [17, 7, 18, 6], [1, 14, 2, 15], [3, 9, 4, 8], [5, 10, 6, 11], [7, 1, 8, 18], [9, 13, 10, 12], [11, 4, 12, 5], [13, 16, 14, 17]]"
9_30_reversed_231,"[[13, 16, 14, 17], [15, 2, 16, 3], [17, 7, 18, 6], [1, 14, 2, 15], [3, 9, 4, 8], [5, 10, 6, 11], [7, 1, 8, 18], [9, 13, 10, 12], [11, 4, 12, 5]]"
9_30_reversed_232,"[[11, 4, 12, 5], [13, 16, 14, 17], [15, 2, 16, 3], [17, 7, 18, 6], [1, 14, 2, 15], [3, 9, 4, 8], [5, 10, 6, 11], [7, 1, 8, 18], [9, 13, 10, 12]]"
9_30_reversed_233,"[[9, 13, 10, 12], [11, 4, 12, 5], [13, 16, 14, 17], [15, 2, 16, 3], [17, 7, 18, 6], [1, 14, 2, 15], [3, 9, 4, 8], [5, 10, 6, 11], [7, 1, 8, 18]]"
9_30_reversed_234,"[[8, 2, 9, 1], [10, 14, 11, 13], [12, 5, 13, 6], [14, 17, 15, 18], [16, 3, 17, 4], [18, 8, 1, 7], [2, 15, 3, 16], [4, 10, 5, 9], [6, 11, 7, 12]]"
9_30_reversed_235,"[[6, 11, 7, 12], [8, 2, 9, 1], [10, 14, 11, 13], [12, 5, 13, 6], [14, 17, 15, 18], [16, 3, 17, 4], [18, 8, 1, 7], [2, 15, 3, 16], [4, 10, 5, 9]]"
9_30_reversed_236,"[[4, 10, 5, 9], [6, 11, 7, 12], [8, 2, 9, 1], [10, 14, 11, 13], [12, 5, 13, 6], [14, 17, 15, 18], [16, 3, 17, 4], [18, 8, 1, 7], [2, 15, 3, 16]]"
9_30_reversed_237,"[[2, 15, 3, 16], [4, 10, 5, 9], [6, 11, 7, 12], [8, 2, 9, 1], [10, 14, 11, 13], [12, 5, 13, 6], [14, 17, 15, 18], [16, 3, 17, 4], [18, 8, 1, 7]]"
9_30_reversed_238,"[[18, 8, 1, 7], [2, 15, 3, 16], [4, 10, 5, 9], [6, 11, 7, 12], [8, 2, 9, 1], [10, 14, 11, 13], [12, 5, 13, 6], [14, 17, 15, 18], [16, 3, 17, 4]]"
9_30_reversed_239,"[[16, 3, 17, 4], [18, 8, 1, 7], [2, 15, 3, 16], [4, 10, 5, 9], [6, 11, 7, 12], [8, 2, 9, 1], [10, 14, 11, 13], [12, 5, 13, 6], [14, 17, 15, 18]]"
9_30_reversed_240,"[[14, 17, 15, 18], [16, 3, 17, 4], [18, 8, 1, 7], [2, 15, 3, 16], [4, 10, 5, 9], [6, 11, 7, 12], [8, 2, 9, 1], [10, 14, 11, 13], [12, 5, 13, 6]]"
9_30_reversed_241,"[[12, 5, 13, 6], [14, 17, 15, 18], [16, 3, 17, 4], [18, 8, 1, 7], [2, 15, 3, 16], [4, 10, 5, 9], [6, 11, 7, 12], [8, 2, 9, 1], [10, 14, 11, 13]]"
9_30_reversed_242,"[[10, 14, 11, 13], [12, 5, 13, 6], [14, 17, 15, 18], [16, 3, 17, 4], [18, 8, 1, 7], [2, 15, 3, 16], [4, 10, 5, 9], [6, 11, 7, 12], [8, 2, 9, 1]]"
9_30_reversed_243,"[[9, 3, 10, 2], [11, 15, 12, 14], [13, 6, 14, 7], [15, 18, 16, 1], [17, 4, 18, 5], [1, 9, 2, 8], [3, 16, 4, 17], [5, 11, 6, 10], [7, 12, 8, 13]]"
9_30_reversed_244,"[[7, 12, 8, 13], [9, 3, 10, 2], [11, 15, 12, 14], [13, 6, 14, 7], [15, 18, 16, 1], [17, 4, 18, 5], [1, 9, 2, 8], [3, 16, 4, 17], [5, 11, 6, 10]]"
9_30_reversed_245,"[[5, 11, 6, 10], [7, 12, 8, 13], [9, 3, 10, 2], [11, 15, 12, 14], [13, 6, 14, 7], [15, 18, 16, 1], [17, 4, 18, 5], [1, 9, 2, 8], [3, 16, 4, 17]]"
9_30_reversed_246,"[[3, 16, 4, 17], [5, 11, 6, 10], [7, 12, 8, 13], [9, 3, 10, 2], [11, 15, 12, 14], [13, 6, 14, 7], [15, 18, 16, 1], [17, 4, 18, 5], [1, 9, 2, 8]]"
9_30_reversed_247,"[[1, 9, 2, 8], [3, 16, 4, 17], [5, 11, 6, 10], [7, 12, 8, 13], [9, 3, 10, 2], [11, 15, 12, 14], [13, 6, 14, 7], [15, 18, 16, 1], [17, 4, 18, 5]]"
9_30_reversed_248,"[[17, 4, 18, 5], [1, 9, 2, 8], [3, 16, 4, 17], [5, 11, 6, 10], [7, 12, 8, 13], [9, 3, 10, 2], [11, 15, 12, 14], [13, 6, 14, 7], [15, 18, 16, 1]]"
9_30_reversed_249,"[[15, 18, 16, 1], [17, 4, 18, 5], [1, 9, 2, 8], [3, 16, 4, 17], [5, 11, 6, 10], [7, 12, 8, 13], [9, 3, 10, 2], [11, 15, 12, 14], [13, 6, 14, 7]]"
9_30_reversed_250,"[[13, 6, 14, 7], [15, 18, 16, 1], [17, 4, 18, 5], [1, 9, 2, 8], [3, 16, 4, 17], [5, 11, 6, 10], [7, 12, 8, 13], [9, 3, 10, 2], [11, 15, 12, 14]]"
9_30_reversed_251,"[[11, 15, 12, 14], [13, 6, 14, 7], [15, 18, 16, 1], [17, 4, 18, 5], [1, 9, 2, 8], [3, 16, 4, 17], [5, 11, 6, 10], [7, 12, 8, 13], [9, 3, 10, 2]]"
9_30_reversed_252,"[[10, 4, 11, 3], [12, 16, 13, 15], [14, 7, 15, 8], [16, 1, 17, 2], [18, 5, 1, 6], [2, 10, 3, 9], [4, 17, 5, 18], [6, 12, 7, 11], [8, 13, 9, 14]]"
9_30_reversed_253,"[[8, 13, 9, 14], [10, 4, 11, 3], [12, 16, 13, 15], [14, 7, 15, 8], [16, 1, 17, 2], [18, 5, 1, 6], [2, 10, 3, 9], [4, 17, 5, 18], [6, 12, 7, 11]]"
9_30_reversed_254,"[[6, 12, 7, 11], [8, 13, 9, 14], [10, 4, 11, 3], [12, 16, 13, 15], [14, 7, 15, 8], [16, 1, 17, 2], [18, 5, 1, 6], [2, 10, 3, 9], [4, 17, 5, 18]]"
9_30_reversed_255,"[[4, 17, 5, 18], [6, 12, 7, 11], [8, 13, 9, 14], [10, 4, 11, 3], [12, 16, 13, 15], [14, 7, 15, 8], [16, 1, 17, 2], [18, 5, 1, 6], [2, 10, 3, 9]]"
9_30_reversed_256,"[[2, 10, 3, 9], [4, 17, 5, 18], [6, 12, 7, 11], [8, 13, 9, 14], [10, 4, 11, 3], [12, 16, 13, 15], [14, 7, 15, 8], [16, 1, 17, 2], [18, 5, 1, 6]]"
9_30_reversed_257,"[[18, 5, 1, 6], [2, 10, 3, 9], [4, 17, 5, 18], [6, 12, 7, 11], [8, 13, 9, 14], [10, 4, 11, 3], [12, 16, 13, 15], [14, 7, 15, 8], [16, 1, 17, 2]]"
9_30_reversed_258,"[[16, 1, 17, 2], [18, 5, 1, 6], [2, 10, 3, 9], [4, 17, 5, 18], [6, 12, 7, 11], [8, 13, 9, 14], [10, 4, 11, 3], [12, 16, 13, 15], [14, 7, 15, 8]]"
9_30_reversed_259,"[[14, 7, 15, 8], [16, 1, 17, 2], [18, 5, 1, 6], [2, 10, 3, 9], [4, 17, 5, 18], [6, 12, 7, 11], [8, 13, 9, 14], [10, 4, 11, 3], [12, 16, 13, 15]]"
9_30_reversed_260,"[[12, 16, 13, 15], [14, 7, 15, 8], [16, 1, 17, 2], [18, 5, 1, 6], [2, 10, 3, 9], [4, 17, 5, 18], [6, 12, 7, 11], [8, 13, 9, 14], [10, 4, 11, 3]]"
9_30_reversed_261,"[[11, 5, 12, 4], [13, 17, 14, 16], [15, 8, 16, 9], [17, 2, 18, 3], [1, 6, 2, 7], [3, 11, 4, 10], [5, 18, 6, 1], [7, 13, 8, 12], [9, 14, 10, 15]]"
9_30_reversed_262,"[[9, 14, 10, 15], [11, 5, 12, 4], [13, 17, 14, 16], [15, 8, 16, 9], [17, 2, 18, 3], [1, 6, 2, 7], [3, 11, 4, 10], [5, 18, 6, 1], [7, 13, 8, 12]]"
9_30_reversed_263,"[[7, 13, 8, 12], [9, 14, 10, 15], [11, 5, 12, 4], [13, 17, 14, 16], [15, 8, 16, 9], [17, 2, 18, 3], [1, 6, 2, 7], [3, 11, 4, 10], [5, 18, 6, 1]]"
9_30_reversed_264,"[[5, 18, 6, 1], [7, 13, 8, 12], [9, 14, 10, 15], [11, 5, 12, 4], [13, 17, 14, 16], [15, 8, 16, 9], [17, 2, 18, 3], [1, 6, 2, 7], [3, 11, 4, 10]]"
9_30_reversed_265,"[[3, 11, 4, 10], [5, 18, 6, 1], [7, 13, 8, 12], [9, 14, 10, 15], [11, 5, 12, 4], [13, 17, 14, 16], [15, 8, 16, 9], [17, 2, 18, 3], [1, 6, 2, 7]]"
9_30_reversed_266,"[[1, 6, 2, 7], [3, 11, 4, 10], [5, 18, 6, 1], [7, 13, 8, 12], [9, 14, 10, 15], [11, 5, 12, 4], [13, 17, 14, 16], [15, 8, 16, 9], [17, 2, 18, 3]]"
9_30_reversed_267,"[[17, 2, 18, 3], [1, 6, 2, 7], [3, 11, 4, 10], [5, 18, 6, 1], [7, 13, 8, 12], [9, 14, 10, 15], [11, 5, 12, 4], [13, 17, 14, 16], [15, 8, 16, 9]]"
9_30_reversed_268,"[[15, 8, 16, 9], [17, 2, 18, 3], [1, 6, 2, 7], [3, 11, 4, 10], [5, 18, 6, 1], [7, 13, 8, 12], [9, 14, 10, 15], [11, 5, 12, 4], [13, 17, 14, 16]]"
9_30_reversed_269,"[[13, 17, 14, 16], [15, 8, 16, 9], [17, 2, 18, 3], [1, 6, 2, 7], [3, 11, 4, 10], [5, 18, 6, 1], [7, 13, 8, 12], [9, 14, 10, 15], [11, 5, 12, 4]]"
9_30_reversed_270,"[[12, 6, 13, 5], [14, 18, 15, 17], [16, 9, 17, 10], [18, 3, 1, 4], [2, 7, 3, 8], [4, 12, 5, 11], [6, 1, 7, 2], [8, 14, 9, 13], [10, 15, 11, 16]]"
9_30_reversed_271,"[[10, 15, 11, 16], [12, 6, 13, 5], [14, 18, 15, 17], [16, 9, 17, 10], [18, 3, 1, 4], [2, 7, 3, 8], [4, 12, 5, 11], [6, 1, 7, 2], [8, 14, 9, 13]]"
9_30_reversed_272,"[[8, 14, 9, 13], [10, 15, 11, 16], [12, 6, 13, 5], [14, 18, 15, 17], [16, 9, 17, 10], [18, 3, 1, 4], [2, 7, 3, 8], [4, 12, 5, 11], [6, 1, 7, 2]]"
9_30_reversed_273,"[[6, 1, 7, 2], [8, 14, 9, 13], [10, 15, 11, 16], [12, 6, 13, 5], [14, 18, 15, 17], [16, 9, 17, 10], [18, 3, 1, 4], [2, 7, 3, 8], [4, 12, 5, 11]]"
9_30_reversed_274,"[[4, 12, 5, 11], [6, 1, 7, 2], [8, 14, 9, 13], [10, 15, 11, 16], [12, 6, 13, 5], [14, 18, 15, 17], [16, 9, 17, 10], [18, 3, 1, 4], [2, 7, 3, 8]]"
9_30_reversed_275,"[[2, 7, 3, 8], [4, 12, 5, 11], [6, 1, 7, 2], [8, 14, 9, 13], [10, 15, 11, 16], [12, 6, 13, 5], [14, 18, 15, 17], [16, 9, 17, 10], [18, 3, 1, 4]]"
9_30_reversed_276,"[[18, 3, 1, 4], [2, 7, 3, 8], [4, 12, 5, 11], [6, 1, 7, 2], [8, 14, 9, 13], [10, 15, 11, 16], [12, 6, 13, 5], [14, 18, 15, 17], [16, 9, 17, 10]]"
9_30_reversed_277,"[[16, 9, 17, 10], [18, 3, 1, 4], [2, 7, 3, 8], [4, 12, 5, 11], [6, 1, 7, 2], [8, 14, 9, 13], [10, 15, 11, 16], [12, 6, 13, 5], [14, 18, 15, 17]]"
9_30_reversed_278,"[[14, 18, 15, 17], [16, 9, 17, 10], [18, 3, 1, 4], [2, 7, 3, 8], [4, 12, 5, 11], [6, 1, 7, 2], [8, 14, 9, 13], [10, 15, 11, 16], [12, 6, 13, 5]]"
9_30_reversed_279,"[[13, 7, 14, 6], [15, 1, 16, 18], [17, 10, 18, 11], [1, 4, 2, 5], [3, 8, 4, 9], [5, 13, 6, 12], [7, 2, 8, 3], [9, 15, 10, 14], [11, 16, 12, 17]]"
9_30_reversed_280,"[[11, 16, 12, 17], [13, 7, 14, 6], [15, 1, 16, 18], [17, 10, 18, 11], [1, 4, 2, 5], [3, 8, 4, 9], [5, 13, 6, 12], [7, 2, 8, 3], [9, 15, 10, 14]]"
9_30_reversed_281,"[[9, 15, 10, 14], [11, 16, 12, 17], [13, 7, 14, 6], [15, 1, 16, 18], [17, 10, 18, 11], [1, 4, 2, 5], [3, 8, 4, 9], [5, 13, 6, 12], [7, 2, 8, 3]]"
9_30_reversed_282,"[[7, 2, 8, 3], [9, 15, 10, 14], [11, 16, 12, 17], [13, 7, 14, 6], [15, 1, 16, 18], [17, 10, 18, 11], [1, 4, 2, 5], [3, 8, 4, 9], [5, 13, 6, 12]]"
9_30_reversed_283,"[[5, 13, 6, 12], [7, 2, 8, 3], [9, 15, 10, 14], [11, 16, 12, 17], [13, 7, 14, 6], [15, 1, 16, 18], [17, 10, 18, 11], [1, 4, 2, 5], [3, 8, 4, 9]]"
9_30_reversed_284,"[[3, 8, 4, 9], [5, 13, 6, 12], [7, 2, 8, 3], [9, 15, 10, 14], [11, 16, 12, 17], [13, 7, 14, 6], [15, 1, 16, 18], [17, 10, 18, 11], [1, 4, 2, 5]]"
9_30_reversed_285,"[[1, 4, 2, 5], [3, 8, 4, 9], [5, 13, 6, 12], [7, 2, 8, 3], [9, 15, 10, 14], [11, 16, 12, 17], [13, 7, 14, 6], [15, 1, 16, 18], [17, 10, 18, 11]]"
9_30_reversed_286,"[[17, 10, 18, 11], [1, 4, 2, 5], [3, 8, 4, 9], [5, 13, 6, 12], [7, 2, 8, 3], [9, 15, 10, 14], [11, 16, 12, 17], [13, 7, 14, 6], [15, 1, 16, 18]]"
9_30_reversed_287,"[[15, 1, 16, 18], [17, 10, 18, 11], [1, 4, 2, 5], [3, 8, 4, 9], [5, 13, 6, 12], [7, 2, 8, 3], [9, 15, 10, 14], [11, 16, 12, 17], [13, 7, 14, 6]]"
9_30_reversed_288,"[[14, 8, 15, 7], [16, 2, 17, 1], [18, 11, 1, 12], [2, 5, 3, 6], [4, 9, 5, 10], [6, 14, 7, 13], [8, 3, 9, 4], [10, 16, 11, 15], [12, 17, 13, 18]]"
9_30_reversed_289,"[[12, 17, 13, 18], [14, 8, 15, 7], [16, 2, 17, 1], [18, 11, 1, 12], [2, 5, 3, 6], [4, 9, 5, 10], [6, 14, 7, 13], [8, 3, 9, 4], [10, 16, 11, 15]]"
9_30_reversed_290,"[[10, 16, 11, 15], [12, 17, 13, 18], [14, 8, 15, 7], [16, 2, 17, 1], [18, 11, 1, 12], [2, 5, 3, 6], [4, 9, 5, 10], [6, 14, 7, 13], [8, 3, 9, 4]]"
9_30_reversed_291,"[[8, 3, 9, 4], [10, 16, 11, 15], [12, 17, 13, 18], [14, 8, 15, 7], [16, 2, 17, 1], [18, 11, 1, 12], [2, 5, 3, 6], [4, 9, 5, 10], [6, 14, 7, 13]]"
9_30_reversed_292,"[[6, 14, 7, 13], [8, 3, 9, 4], [10, 16, 11, 15], [12, 17, 13, 18], [14, 8, 15, 7], [16, 2, 17, 1], [18, 11, 1, 12], [2, 5, 3, 6], [4, 9, 5, 10]]"
9_30_reversed_293,"[[4, 9, 5, 10], [6, 14, 7, 13], [8, 3, 9, 4], [10, 16, 11, 15], [12, 17, 13, 18], [14, 8, 15, 7], [16, 2, 17, 1], [18, 11, 1, 12], [2, 5, 3, 6]]"
9_30_reversed_294,"[[2, 5, 3, 6], [4, 9, 5, 10], [6, 14, 7, 13], [8, 3, 9, 4], [10, 16, 11, 15], [12, 17, 13, 18], [14, 8, 15, 7], [16, 2, 17, 1], [18, 11, 1, 12]]"
9_30_reversed_295,"[[18, 11, 1, 12], [2, 5, 3, 6], [4, 9, 5, 10], [6, 14, 7, 13], [8, 3, 9, 4], [10, 16, 11, 15], [12, 17, 13, 18], [14, 8, 15, 7], [16, 2, 17, 1]]"
9_30_reversed_296,"[[16, 2, 17, 1], [18, 11, 1, 12], [2, 5, 3, 6], [4, 9, 5, 10], [6, 14, 7, 13], [8, 3, 9, 4], [10, 16, 11, 15], [12, 17, 13, 18], [14, 8, 15, 7]]"
9_30_reversed_297,"[[15, 9, 16, 8], [17, 3, 18, 2], [1, 12, 2, 13], [3, 6, 4, 7], [5, 10, 6, 11], [7, 15, 8, 14], [9, 4, 10, 5], [11, 17, 12, 16], [13, 18, 14, 1]]"
9_30_reversed_298,"[[13, 18, 14, 1], [15, 9, 16, 8], [17, 3, 18, 2], [1, 12, 2, 13], [3, 6, 4, 7], [5, 10, 6, 11], [7, 15, 8, 14], [9, 4, 10, 5], [11, 17, 12, 16]]"
9_30_reversed_299,"[[11, 17, 12, 16], [13, 18, 14, 1], [15, 9, 16, 8], [17, 3, 18, 2], [1, 12, 2, 13], [3, 6, 4, 7], [5, 10, 6, 11], [7, 15, 8, 14], [9, 4, 10, 5]]"
9_30_reversed_300,"[[9, 4, 10, 5], [11, 17, 12, 16], [13, 18, 14, 1], [15, 9, 16, 8], [17, 3, 18, 2], [1, 12, 2, 13], [3, 6, 4, 7], [5, 10, 6, 11], [7, 15, 8, 14]]"
9_30_reversed_301,"[[7, 15, 8, 14], [9, 4, 10, 5], [11, 17, 12, 16], [13, 18, 14, 1], [15, 9, 16, 8], [17, 3, 18, 2], [1, 12, 2, 13], [3, 6, 4, 7], [5, 10, 6, 11]]"
9_30_reversed_302,"[[5, 10, 6, 11], [7, 15, 8, 14], [9, 4, 10, 5], [11, 17, 12, 16], [13, 18, 14, 1], [15, 9, 16, 8], [17, 3, 18, 2], [1, 12, 2, 13], [3, 6, 4, 7]]"
9_30_reversed_303,"[[3, 6, 4, 7], [5, 10, 6, 11], [7, 15, 8, 14], [9, 4, 10, 5], [11, 17, 12, 16], [13, 18, 14, 1], [15, 9, 16, 8], [17, 3, 18, 2], [1, 12, 2, 13]]"
9_30_reversed_304,"[[1, 12, 2, 13], [3, 6, 4, 7], [5, 10, 6, 11], [7, 15, 8, 14], [9, 4, 10, 5], [11, 17, 12, 16], [13, 18, 14, 1], [15, 9, 16, 8], [17, 3, 18, 2]]"
9_30_reversed_305,"[[17, 3, 18, 2], [1, 12, 2, 13], [3, 6, 4, 7], [5, 10, 6, 11], [7, 15, 8, 14], [9, 4, 10, 5], [11, 17, 12, 16], [13, 18, 14, 1], [15, 9, 16, 8]]"
9_30_reversed_306,"[[16, 10, 17, 9], [18, 4, 1, 3], [2, 13, 3, 14], [4, 7, 5, 8], [6, 11, 7, 12], [8, 16, 9, 15], [10, 5, 11, 6], [12, 18, 13, 17], [14, 1, 15, 2]]"
9_30_reversed_307,"[[14, 1, 15, 2], [16, 10, 17, 9], [18, 4, 1, 3], [2, 13, 3, 14], [4, 7, 5, 8], [6, 11, 7, 12], [8, 16, 9, 15], [10, 5, 11, 6], [12, 18, 13, 17]]"
9_30_reversed_308,"[[12, 18, 13, 17], [14, 1, 15, 2], [16, 10, 17, 9], [18, 4, 1, 3], [2, 13, 3, 14], [4, 7, 5, 8], [6, 11, 7, 12], [8, 16, 9, 15], [10, 5, 11, 6]]"
9_30_reversed_309,"[[10, 5, 11, 6], [12, 18, 13, 17], [14, 1, 15, 2], [16, 10, 17, 9], [18, 4, 1, 3], [2, 13, 3, 14], [4, 7, 5, 8], [6, 11, 7, 12], [8, 16, 9, 15]]"
9_30_reversed_310,"[[8, 16, 9, 15], [10, 5, 11, 6], [12, 18, 13, 17], [14, 1, 15, 2], [16, 10, 17, 9], [18, 4, 1, 3], [2, 13, 3, 14], [4, 7, 5, 8], [6, 11, 7, 12]]"
9_30_reversed_311,"[[6, 11, 7, 12], [8, 16, 9, 15], [10, 5, 11, 6], [12, 18, 13, 17], [14, 1, 15, 2], [16, 10, 17, 9], [18, 4, 1, 3], [2, 13, 3, 14], [4, 7, 5, 8]]"
9_30_reversed_312,"[[4, 7, 5, 8], [6, 11, 7, 12], [8, 16, 9, 15], [10, 5, 11, 6], [12, 18, 13, 17], [14, 1, 15, 2], [16, 10, 17, 9], [18, 4, 1, 3], [2, 13, 3, 14]]"
9_30_reversed_313,"[[2, 13, 3, 14], [4, 7, 5, 8], [6, 11, 7, 12], [8, 16, 9, 15], [10, 5, 11, 6], [12, 18, 13, 17], [14, 1, 15, 2], [16, 10, 17, 9], [18, 4, 1, 3]]"
9_30_reversed_314,"[[18, 4, 1, 3], [2, 13, 3, 14], [4, 7, 5, 8], [6, 11, 7, 12], [8, 16, 9, 15], [10, 5, 11, 6], [12, 18, 13, 17], [14, 1, 15, 2], [16, 10, 17, 9]]"
9_30_reversed_315,"[[17, 11, 18, 10], [1, 5, 2, 4], [3, 14, 4, 15], [5, 8, 6, 9], [7, 12, 8, 13], [9, 17, 10, 16], [11, 6, 12, 7], [13, 1, 14, 18], [15, 2, 16, 3]]"
9_30_reversed_316,"[[15, 2, 16, 3], [17, 11, 18, 10], [1, 5, 2, 4], [3, 14, 4, 15], [5, 8, 6, 9], [7, 12, 8, 13], [9, 17, 10, 16], [11, 6, 12, 7], [13, 1, 14, 18]]"
9_30_reversed_317,"[[13, 1, 14, 18], [15, 2, 16, 3], [17, 11, 18, 10], [1, 5, 2, 4], [3, 14, 4, 15], [5, 8, 6, 9], [7, 12, 8, 13], [9, 17, 10, 16], [11, 6, 12, 7]]"
9_30_reversed_318,"[[11, 6, 12, 7], [13, 1, 14, 18], [15, 2, 16, 3], [17, 11, 18, 10], [1, 5, 2, 4], [3, 14, 4, 15], [5, 8, 6, 9], [7, 12, 8, 13], [9, 17, 10, 16]]"
9_30_reversed_319,"[[9, 17, 10, 16], [11, 6, 12, 7], [13, 1, 14, 18], [15, 2, 16, 3], [17, 11, 18, 10], [1, 5, 2, 4], [3, 14, 4, 15], [5, 8, 6, 9], [7, 12, 8, 13]]"
9_30_reversed_320,"[[7, 12, 8, 13], [9, 17, 10, 16], [11, 6, 12, 7], [13, 1, 14, 18], [15, 2, 16, 3], [17, 11, 18, 10], [1, 5, 2, 4], [3, 14, 4, 15], [5, 8, 6, 9]]"
9_30_reversed_321,"[[5, 8, 6, 9], [7, 12, 8, 13], [9, 17, 10, 16], [11, 6, 12, 7], [13, 1, 14, 18], [15, 2, 16, 3], [17, 11, 18, 10], [1, 5, 2, 4], [3, 14, 4, 15]]"
9_30_reversed_322,"[[3, 14, 4, 15], [5, 8, 6, 9], [7, 12, 8, 13], [9, 17, 10, 16], [11, 6, 12, 7], [13, 1, 14, 18], [15, 2, 16, 3], [17, 11, 18, 10], [1, 5, 2, 4]]"
9_30_reversed_323,"[[1, 5, 2, 4], [3, 14, 4, 15], [5, 8, 6, 9], [7, 12, 8, 13], [9, 17, 10, 16], [11, 6, 12, 7], [13, 1, 14, 18], [15, 2, 16, 3], [17, 11, 18, 10]]"
